[
  {
    "ts": "2021-12-01T19:11:17Z",
    "platform": "Android-tablet OS 9 API 28 (SAMSUNG, SM-T866N)",
    "ms_played": 16241,
    "conn_country": "ES",
    "ip_addr": "90.163.36.191",
    "master_metadata_track_name": null,
    "master_metadata_album_artist_name": null,
    "master_metadata_album_album_name": null,
    "spotify_track_uri": null,
    "episode_name": "Bizarrap",
    "episode_show_name": "2021 Wrapped",
    "spotify_episode_uri": "spotify:episode:6ajrC5hqcd76PhLkZbLYqU",
    "reason_start": "clickrow",
    "reason_end": "trackdone",
    "shuffle": false,
    "skipped": false,
    "offline": false,
    "offline_timestamp": null,
    "incognito_mode": false
  },
  {
    "ts": "2021-12-01T19:13:44Z",
    "platform": "Android-tablet OS 9 API 28 (SAMSUNG, SM-T866N)",
    "ms_played": 5249,
    "conn_country": "ES",
    "ip_addr": "90.163.36.191",
    "master_metadata_track_name": null,
    "master_metadata_album_artist_name": null,
    "master_metadata_album_album_name": null,
    "spotify_track_uri": null,
    "episode_name": "Ed Sheeran",
    "episode_show_name": "2021 Wrapped",
    "spotify_episode_uri": "spotify:episode:6tivcx96Pa5Inn9fPvaCOh",
    "reason_start": "clickrow",
    "reason_end": "endplay",
    "shuffle": false,
    "skipped": false,
    "offline": false,
    "offline_timestamp": null,
    "incognito_mode": false
  },
  {
    "ts": "2022-11-30T15:19:33Z",
    "platform": "android",
    "ms_played": 8619,
    "conn_country": "ES",
    "ip_addr": "92.190.182.228",
    "master_metadata_track_name": "Tal Vez",
    "master_metadata_album_artist_name": "Paulo Londra",
    "master_metadata_album_album_name": "Homerun",
    "spotify_track_uri": "spotify:track:5jW3rF4URMdK7tO2xjS5EI",
    "episode_name": null,
    "episode_show_name": null,
    "spotify_episode_uri": null,
    "reason_start": "unknown",
    "reason_end": "endplay",
    "shuffle": false,
    "skipped": true,
    "offline": null,
    "offline_timestamp": null,
    "incognito_mode": false
  },
  {
    "ts": "2022-11-30T15:19:52Z",
    "platform": "android",
    "ms_played": 1346,
    "conn_country": "ES",
    "ip_addr": "92.190.182.228",
    "master_metadata_track_name": "23",
    "master_metadata_album_artist_name": "Morat",
    "master_metadata_album_album_name": "23",
    "spotify_track_uri": "spotify:track:03I0v50PLHMxgP5CjzCwt3",
    "episode_name": null,
    "episode_show_name": null,
    "spotify_episode_uri": null,
    "reason_start": "unknown",
    "reason_end": "endplay",
    "shuffle": false,
    "skipped": true,
    "offline": null,
    "offline_timestamp": null,
    "incognito_mode": false
  },
  {
    "ts": "2022-11-30T15:20:10Z",
    "platform": "android",
    "ms_played": 844,
    "conn_country": "ES",
    "ip_addr": "92.190.182.228",
    "master_metadata_track_name": "She Don't Give a Fo",
    "master_metadata_album_artist_name": "Duki",
    "master_metadata_album_album_name": "She Don't Give a Fo",
    "spotify_track_uri": "spotify:track:03a359wbiUsjN9h6yzXvmS",
    "episode_name": null,
    "episode_show_name": null,
    "spotify_episode_uri": null,
    "reason_start": "unknown",
    "reason_end": "endplay",
    "shuffle": false,
    "skipped": true,
    "offline": null,
    "offline_timestamp": null,
    "incognito_mode": false
  },
  {
    "ts": "2022-11-30T15:20:25Z",
    "platform": "android",
    "ms_played": 897,
    "conn_country": "ES",
    "ip_addr": "92.190.182.228",
    "master_metadata_track_name": "Quevedo: Bzrp Music Sessions, Vol. 52",
    "master_metadata_album_artist_name": "Bizarrap",
    "master_metadata_album_album_name": "Quevedo: Bzrp Music Sessions, Vol. 52",
    "spotify_track_uri": "spotify:track:2tTmW7RDtMQtBk7m2rYeSw",
    "episode_name": null,
    "episode_show_name": null,
    "spotify_episode_uri": null,
    "reason_start": "unknown",
    "reason_end": "endplay",
    "shuffle": false,
    "skipped": true,
    "offline": null,
    "offline_timestamp": null,
    "incognito_mode": false
  },
  {
    "ts": "2022-11-30T15:20:33Z",
    "platform": "android",
    "ms_played": 1116,
    "conn_country": "ES",
    "ip_addr": "92.190.182.228",
    "master_metadata_track_name": "Tiago PZK: Bzrp Music Sessions, Vol. 48",
    "master_metadata_album_artist_name": "Bizarrap",
    "master_metadata_album_album_name": "Tiago PZK: Bzrp Music Sessions, Vol. 48",
    "spotify_track_uri": "spotify:track:2Gq636OOGgxCTqEuzCZhsa",
    "episode_name": null,
    "episode_show_name": null,
    "spotify_episode_uri": null,
    "reason_start": "unknown",
    "reason_end": "endplay",
    "shuffle": false,
    "skipped": true,
    "offline": null,
    "offline_timestamp": null,
    "incognito_mode": false
  },
  {
    "ts": "2022-11-30T15:20:45Z",
    "platform": "android",
    "ms_played": 721,
    "conn_country": "ES",
    "ip_addr": "92.190.182.228",
    "master_metadata_track_name": "Paulo Londra: Bzrp Music Sessions, Vol. 23",
    "master_metadata_album_artist_name": "Bizarrap",
    "master_metadata_album_album_name": "Paulo Londra: Bzrp Music Sessions, Vol. 23",
    "spotify_track_uri": "spotify:track:2uky0VCI2EZni0nArOPznM",
    "episode_name": null,
    "episode_show_name": null,
    "spotify_episode_uri": null,
    "reason_start": "unknown",
    "reason_end": "endplay",
    "shuffle": false,
    "skipped": true,
    "offline": null,
    "offline_timestamp": null,
    "incognito_mode": false
  },
  {
    "ts": "2022-11-30T15:20:59Z",
    "platform": "android",
    "ms_played": 0,
    "conn_country": "ES",
    "ip_addr": "92.190.182.228",
    "master_metadata_track_name": "Dos Días al Mes",
    "master_metadata_album_artist_name": "Hens",
    "master_metadata_album_album_name": "Hensito",
    "spotify_track_uri": "spotify:track:4Ws1SBzrc8MgbtxVyXFfyP",
    "episode_name": null,
    "episode_show_name": null,
    "spotify_episode_uri": null,
    "reason_start": "unknown",
    "reason_end": "endplay",
    "shuffle": false,
    "skipped": true,
    "offline": null,
    "offline_timestamp": null,
    "incognito_mode": false
  },
  {
    "ts": "2022-11-30T15:21:00Z",
    "platform": "android",
    "ms_played": 0,
    "conn_country": "ES",
    "ip_addr": "92.190.182.228",
    "master_metadata_track_name": "Paulo Londra: Bzrp Music Sessions, Vol. 23",
    "master_metadata_album_artist_name": "Bizarrap",
    "master_metadata_album_album_name": "Paulo Londra: Bzrp Music Sessions, Vol. 23",
    "spotify_track_uri": "spotify:track:2uky0VCI2EZni0nArOPznM",
    "episode_name": null,
    "episode_show_name": null,
    "spotify_episode_uri": null,
    "reason_start": "unknown",
    "reason_end": "endplay",
    "shuffle": false,
    "skipped": true,
    "offline": null,
    "offline_timestamp": null,
    "incognito_mode": false
  },
  {
    "ts": "2022-11-30T15:21:16Z",
    "platform": "android",
    "ms_played": 5368,
    "conn_country": "ES",
    "ip_addr": "92.190.182.228",
    "master_metadata_track_name": "Pa Mí - Remix",
    "master_metadata_album_artist_name": "Dalex",
    "master_metadata_album_album_name": "Climaxxx",
    "spotify_track_uri": "spotify:track:7g8YaUQABMal0zWe7a2ijz",
    "episode_name": null,
    "episode_show_name": null,
    "spotify_episode_uri": null,
    "reason_start": "unknown",
    "reason_end": "endplay",
    "shuffle": false,
    "skipped": true,
    "offline": null,
    "offline_timestamp": null,
    "incognito_mode": false
  },
  {
    "ts": "2022-11-30T15:21:22Z",
    "platform": "android",
    "ms_played": 2647,
    "conn_country": "ES",
    "ip_addr": "92.190.182.228",
    "master_metadata_track_name": "Dos Días al Mes",
    "master_metadata_album_artist_name": "Hens",
    "master_metadata_album_album_name": "Hensito",
    "spotify_track_uri": "spotify:track:4Ws1SBzrc8MgbtxVyXFfyP",
    "episode_name": null,
    "episode_show_name": null,
    "spotify_episode_uri": null,
    "reason_start": "unknown",
    "reason_end": "endplay",
    "shuffle": false,
    "skipped": true,
    "offline": null,
    "offline_timestamp": null,
    "incognito_mode": false
  },
  {
    "ts": "2022-11-30T15:21:47Z",
    "platform": "android",
    "ms_played": 8049,
    "conn_country": "ES",
    "ip_addr": "92.190.182.228",
    "master_metadata_track_name": "Tú Me Gustas",
    "master_metadata_album_artist_name": "Río Roma",
    "master_metadata_album_album_name": "Tú Me Gustas",
    "spotify_track_uri": "spotify:track:30TZy1etY3FAGBDGS58hRj",
    "episode_name": null,
    "episode_show_name": null,
    "spotify_episode_uri": null,
    "reason_start": "unknown",
    "reason_end": "endplay",
    "shuffle": false,
    "skipped": true,
    "offline": null,
    "offline_timestamp": null,
    "incognito_mode": false
  },
  {
    "ts": "2022-11-30T15:21:48Z",
    "platform": "android",
    "ms_played": 1370,
    "conn_country": "ES",
    "ip_addr": "92.190.182.228",
    "master_metadata_track_name": "Nunca volverá (feat. Raquel del Rosario, El sueño de Morfeo)",
    "master_metadata_album_artist_name": "Noan",
    "master_metadata_album_album_name": "Nunca volverá (feat. Raquel del Rosario, El sueño de Morfeo)",
    "spotify_track_uri": "spotify:track:4a9PZFhPe1DOIJJObpsSM1",
    "episode_name": null,
    "episode_show_name": null,
    "spotify_episode_uri": null,
    "reason_start": "unknown",
    "reason_end": "endplay",
    "shuffle": false,
    "skipped": true,
    "offline": null,
    "offline_timestamp": null,
    "incognito_mode": false
  },
  {
    "ts": "2022-11-30T15:21:49Z",
    "platform": "android",
    "ms_played": 0,
    "conn_country": "ES",
    "ip_addr": "92.190.182.228",
    "master_metadata_track_name": "Si Vuelves Tarde",
    "master_metadata_album_artist_name": "Nikone",
    "master_metadata_album_album_name": "Si Vuelves Tarde",
    "spotify_track_uri": "spotify:track:20u2zomBmzbAI85bP9vkYj",
    "episode_name": null,
    "episode_show_name": null,
    "spotify_episode_uri": null,
    "reason_start": "unknown",
    "reason_end": "endplay",
    "shuffle": false,
    "skipped": true,
    "offline": null,
    "offline_timestamp": null,
    "incognito_mode": false
  },
  {
    "ts": "2022-11-30T15:21:49Z",
    "platform": "android",
    "ms_played": 0,
    "conn_country": "ES",
    "ip_addr": "92.190.182.228",
    "master_metadata_track_name": "MOOD - Remix",
    "master_metadata_album_artist_name": "Omy de Oro",
    "master_metadata_album_album_name": "MOOD",
    "spotify_track_uri": "spotify:track:65wccjJxugGBsPKZcsHG49",
    "episode_name": null,
    "episode_show_name": null,
    "spotify_episode_uri": null,
    "reason_start": "unknown",
    "reason_end": "endplay",
    "shuffle": false,
    "skipped": true,
    "offline": null,
    "offline_timestamp": null,
    "incognito_mode": false
  },
  {
    "ts": "2022-11-30T15:21:49Z",
    "platform": "android",
    "ms_played": 976,
    "conn_country": "ES",
    "ip_addr": "92.190.182.228",
    "master_metadata_track_name": "Ahora Corren",
    "master_metadata_album_artist_name": "Bardero$",
    "master_metadata_album_album_name": "Inmortales",
    "spotify_track_uri": "spotify:track:0frbDonZlnjEaxKnPKclb3",
    "episode_name": null,
    "episode_show_name": null,
    "spotify_episode_uri": null,
    "reason_start": "unknown",
    "reason_end": "endplay",
    "shuffle": false,
    "skipped": true,
    "offline": null,
    "offline_timestamp": null,
    "incognito_mode": false
  },
  {
    "ts": "2022-11-30T15:21:49Z",
    "platform": "android",
    "ms_played": 1148,
    "conn_country": "ES",
    "ip_addr": "92.190.182.228",
    "master_metadata_track_name": "Me Levanté",
    "master_metadata_album_artist_name": "Dave Bolaño",
    "master_metadata_album_album_name": "Me Levanté",
    "spotify_track_uri": "spotify:track:5dQVCKjXLD4GdnWnrTswJO",
    "episode_name": null,
    "episode_show_name": null,
    "spotify_episode_uri": null,
    "reason_start": "unknown",
    "reason_end": "endplay",
    "shuffle": false,
    "skipped": true,
    "offline": null,
    "offline_timestamp": null,
    "incognito_mode": false
  },
  {
    "ts": "2023-11-29T22:07:55Z",
    "platform": "android",
    "ms_played": 2029,
    "conn_country": "ES",
    "ip_addr": "92.185.48.14",
    "master_metadata_track_name": "Ojitos Lindos",
    "master_metadata_album_artist_name": "Bad Bunny",
    "master_metadata_album_album_name": "Un Verano Sin Ti",
    "spotify_track_uri": "spotify:track:3k3NWokhRRkEPhCzPmV8TW",
    "episode_name": null,
    "episode_show_name": null,
    "spotify_episode_uri": null,
    "reason_start": "unknown",
    "reason_end": "endplay",
    "shuffle": false,
    "skipped": true,
    "offline": null,
    "offline_timestamp": null,
    "incognito_mode": false
  },
  {
    "ts": "2023-11-29T22:08:22Z",
    "platform": "android",
    "ms_played": 3581,
    "conn_country": "ES",
    "ip_addr": "92.185.48.14",
    "master_metadata_track_name": "Bajo La Mesa",
    "master_metadata_album_artist_name": "Morat",
    "master_metadata_album_album_name": "Bajo La Mesa",
    "spotify_track_uri": "spotify:track:7BEPdOI0neT6p7PnLViqmH",
    "episode_name": null,
    "episode_show_name": null,
    "spotify_episode_uri": null,
    "reason_start": "unknown",
    "reason_end": "endplay",
    "shuffle": false,
    "skipped": true,
    "offline": null,
    "offline_timestamp": null,
    "incognito_mode": false
  },
  {
    "ts": "2023-11-29T22:08:37Z",
    "platform": "android",
    "ms_played": 2004,
    "conn_country": "ES",
    "ip_addr": "92.185.48.14",
    "master_metadata_track_name": "PASAJERO",
    "master_metadata_album_artist_name": "Mora",
    "master_metadata_album_album_name": "ESTRELLA",
    "spotify_track_uri": "spotify:track:1uFAI2C6r3YBQmXCAPGzZv",
    "episode_name": null,
    "episode_show_name": null,
    "spotify_episode_uri": null,
    "reason_start": "unknown",
    "reason_end": "endplay",
    "shuffle": false,
    "skipped": true,
    "offline": null,
    "offline_timestamp": null,
    "incognito_mode": false
  },
  {
    "ts": "2023-11-29T22:08:57Z",
    "platform": "android",
    "ms_played": 2027,
    "conn_country": "ES",
    "ip_addr": "92.185.48.14",
    "master_metadata_track_name": "Salir Con Vida",
    "master_metadata_album_artist_name": "Morat",
    "master_metadata_album_album_name": "SI AYER FUERA HOY",
    "spotify_track_uri": "spotify:track:0cubEBmB9wjsdBwXNFmzFy",
    "episode_name": null,
    "episode_show_name": null,
    "spotify_episode_uri": null,
    "reason_start": "unknown",
    "reason_end": "endplay",
    "shuffle": false,
    "skipped": true,
    "offline": null,
    "offline_timestamp": null,
    "incognito_mode": false
  },
  {
    "ts": "2023-11-29T22:09:15Z",
    "platform": "android",
    "ms_played": 2123,
    "conn_country": "ES",
    "ip_addr": "92.185.48.14",
    "master_metadata_track_name": "Ódiame",
    "master_metadata_album_artist_name": "SAIKO",
    "master_metadata_album_album_name": "2 Opciones",
    "spotify_track_uri": "spotify:track:0j27JSnu9J29lOYkGKNeQl",
    "episode_name": null,
    "episode_show_name": null,
    "spotify_episode_uri": null,
    "reason_start": "unknown",
    "reason_end": "endplay",
    "shuffle": false,
    "skipped": true,
    "offline": null,
    "offline_timestamp": null,
    "incognito_mode": false
  },
  {
    "ts": "2023-11-29T22:09:32Z",
    "platform": "android",
    "ms_played": 3107,
    "conn_country": "ES",
    "ip_addr": "92.185.48.14",
    "master_metadata_track_name": "Me Olvidé",
    "master_metadata_album_artist_name": "Tiago PZK",
    "master_metadata_album_album_name": "Portales",
    "spotify_track_uri": "spotify:track:7ffzz5DfxaPnGNCKu6f0II",
    "episode_name": null,
    "episode_show_name": null,
    "spotify_episode_uri": null,
    "reason_start": "unknown",
    "reason_end": "endplay",
    "shuffle": false,
    "skipped": true,
    "offline": null,
    "offline_timestamp": null,
    "incognito_mode": false
  },
  {
    "ts": "2024-05-10T16:51:29Z",
    "platform": "android",
    "ms_played": 0,
    "conn_country": "ES",
    "ip_addr": "79.117.93.227",
    "master_metadata_track_name": "La flaca",
    "master_metadata_album_artist_name": "Jarabe De Palo",
    "master_metadata_album_album_name": "La Flaca",
    "spotify_track_uri": "spotify:track:2LsbizbOeNa4x6qsi2jAMb",
    "episode_name": null,
    "episode_show_name": null,
    "spotify_episode_uri": null,
    "reason_start": "unknown",
    "reason_end": "endplay",
    "shuffle": false,
    "skipped": true,
    "offline": null,
    "offline_timestamp": null,
    "incognito_mode": false
  },
  {
    "ts": "2024-05-10T16:51:36Z",
    "platform": "android",
    "ms_played": 814,
    "conn_country": "ES",
    "ip_addr": "79.117.93.227",
    "master_metadata_track_name": "SOLO POR VOS",
    "master_metadata_album_artist_name": "Trueno",
    "master_metadata_album_album_name": "BIEN O MAL",
    "spotify_track_uri": "spotify:track:0qhynIDQPUYENhtIQ3TUyE",
    "episode_name": null,
    "episode_show_name": null,
    "spotify_episode_uri": null,
    "reason_start": "unknown",
    "reason_end": "endplay",
    "shuffle": false,
    "skipped": true,
    "offline": null,
    "offline_timestamp": null,
    "incognito_mode": false
  },
  {
    "ts": "2024-06-07T09:30:05Z",
    "platform": "android",
    "ms_played": 3184,
    "conn_country": "ES",
    "ip_addr": "86.127.230.23",
    "master_metadata_track_name": "RIHANNA FREESTYLE",
    "master_metadata_album_artist_name": "Delgao",
    "master_metadata_album_album_name": "RIHANNA FREESTYLE",
    "spotify_track_uri": "spotify:track:4WjdHkAD2RWWuxM5LqdHxR",
    "episode_name": null,
    "episode_show_name": null,
    "spotify_episode_uri": null,
    "reason_start": "unknown",
    "reason_end": "endplay",
    "shuffle": false,
    "skipped": true,
    "offline": null,
    "offline_timestamp": null,
    "incognito_mode": false
  },
  {
    "ts": "2024-06-07T09:30:07Z",
    "platform": "android",
    "ms_played": 1388,
    "conn_country": "ES",
    "ip_addr": "86.127.230.23",
    "master_metadata_track_name": "Su cabeza en mi pecho",
    "master_metadata_album_artist_name": "Delgao",
    "master_metadata_album_album_name": "Su cabeza en mi pecho",
    "spotify_track_uri": "spotify:track:3Mbi3ZzOqOtUMjv2k1F0n0",
    "episode_name": null,
    "episode_show_name": null,
    "spotify_episode_uri": null,
    "reason_start": "unknown",
    "reason_end": "endplay",
    "shuffle": false,
    "skipped": true,
    "offline": null,
    "offline_timestamp": null,
    "incognito_mode": false
  },
  {
    "ts": "2024-06-07T09:30:10Z",
    "platform": "android",
    "ms_played": 1217,
    "conn_country": "ES",
    "ip_addr": "86.127.230.23",
    "master_metadata_track_name": "RIHANNA FREESTYLE",
    "master_metadata_album_artist_name": "Delgao",
    "master_metadata_album_album_name": "RIHANNA FREESTYLE",
    "spotify_track_uri": "spotify:track:4WjdHkAD2RWWuxM5LqdHxR",
    "episode_name": null,
    "episode_show_name": null,
    "spotify_episode_uri": null,
    "reason_start": "unknown",
    "reason_end": "endplay",
    "shuffle": false,
    "skipped": true,
    "offline": null,
    "offline_timestamp": null,
    "incognito_mode": false
  },
  {
    "ts": "2024-06-07T09:30:25Z",
    "platform": "android",
    "ms_played": 14880,
    "conn_country": "ES",
    "ip_addr": "86.127.230.23",
    "master_metadata_track_name": "Su cabeza en mi pecho",
    "master_metadata_album_artist_name": "Delgao",
    "master_metadata_album_album_name": "Su cabeza en mi pecho",
    "spotify_track_uri": "spotify:track:3Mbi3ZzOqOtUMjv2k1F0n0",
    "episode_name": null,
    "episode_show_name": null,
    "spotify_episode_uri": null,
    "reason_start": "unknown",
    "reason_end": "endplay",
    "shuffle": false,
    "skipped": true,
    "offline": null,
    "offline_timestamp": null,
    "incognito_mode": false
  },
  {
    "ts": "2024-06-07T09:30:45Z",
    "platform": "android",
    "ms_played": 1960,
    "conn_country": "ES",
    "ip_addr": "86.127.230.23",
    "master_metadata_track_name": "CAIRO",
    "master_metadata_album_artist_name": "KAROL G",
    "master_metadata_album_album_name": "MAÑANA SERÁ BONITO",
    "spotify_track_uri": "spotify:track:16dUQ4quIHDe4ZZ0wF1EMN",
    "episode_name": null,
    "episode_show_name": null,
    "spotify_episode_uri": null,
    "reason_start": "unknown",
    "reason_end": "endplay",
    "shuffle": false,
    "skipped": true,
    "offline": null,
    "offline_timestamp": null,
    "incognito_mode": false
  },
  {
    "ts": "2024-08-12T14:04:54Z",
    "platform": "android",
    "ms_played": 0,
    "conn_country": "ES",
    "ip_addr": "79.116.110.222",
    "master_metadata_track_name": null,
    "master_metadata_album_artist_name": null,
    "master_metadata_album_album_name": null,
    "spotify_track_uri": null,
    "episode_name": "Ágora 1X09 - Juan Pedro Serna | La sanidad en España: luces y sombras",
    "episode_show_name": "ÁGORA",
    "spotify_episode_uri": "spotify:episode:7KeOiaIjPxKap6pITiTFFo",
    "reason_start": "unknown",
    "reason_end": "endplay",
    "shuffle": false,
    "skipped": true,
    "offline": null,
    "offline_timestamp": null,
    "incognito_mode": false
  },
  {
    "ts": "2024-08-12T14:26:53Z",
    "platform": "android",
    "ms_played": 1516,
    "conn_country": "ES",
    "ip_addr": "79.116.110.222",
    "master_metadata_track_name": null,
    "master_metadata_album_artist_name": null,
    "master_metadata_album_album_name": null,
    "spotify_track_uri": null,
    "episode_name": "Ágora 1X09 - Juan Pedro Serna | La sanidad en España: luces y sombras",
    "episode_show_name": "ÁGORA",
    "spotify_episode_uri": "spotify:episode:7KeOiaIjPxKap6pITiTFFo",
    "reason_start": "unknown",
    "reason_end": "endplay",
    "shuffle": false,
    "skipped": true,
    "offline": null,
    "offline_timestamp": null,
    "incognito_mode": false
  },
  {
    "ts": "2024-08-12T14:27:22Z",
    "platform": "android",
    "ms_played": 12092,
    "conn_country": "ES",
    "ip_addr": "79.116.110.222",
    "master_metadata_track_name": null,
    "master_metadata_album_artist_name": null,
    "master_metadata_album_album_name": null,
    "spotify_track_uri": null,
    "episode_name": "Ágora 1X09 - Juan Pedro Serna | La sanidad en España: luces y sombras",
    "episode_show_name": "ÁGORA",
    "spotify_episode_uri": "spotify:episode:7KeOiaIjPxKap6pITiTFFo",
    "reason_start": "unknown",
    "reason_end": "endplay",
    "shuffle": false,
    "skipped": true,
    "offline": null,
    "offline_timestamp": null,
    "incognito_mode": false
  },
  {
    "ts": "2024-08-12T14:39:03Z",
    "platform": "android",
    "ms_played": 9551,
    "conn_country": "ES",
    "ip_addr": "79.116.110.222",
    "master_metadata_track_name": null,
    "master_metadata_album_artist_name": null,
    "master_metadata_album_album_name": null,
    "spotify_track_uri": null,
    "episode_name": "Ágora 1X09 - Juan Pedro Serna | La sanidad en España: luces y sombras",
    "episode_show_name": "ÁGORA",
    "spotify_episode_uri": "spotify:episode:7KeOiaIjPxKap6pITiTFFo",
    "reason_start": "unknown",
    "reason_end": "endplay",
    "shuffle": false,
    "skipped": true,
    "offline": null,
    "offline_timestamp": null,
    "incognito_mode": false
  },
  {
    "ts": "2024-08-12T18:59:00Z",
    "platform": "android",
    "ms_played": 7790,
    "conn_country": "ES",
    "ip_addr": "86.127.225.183",
    "master_metadata_track_name": null,
    "master_metadata_album_artist_name": null,
    "master_metadata_album_album_name": null,
    "spotify_track_uri": null,
    "episode_name": "Ágora 1X09 - Juan Pedro Serna | La sanidad en España: luces y sombras",
    "episode_show_name": "ÁGORA",
    "spotify_episode_uri": "spotify:episode:7KeOiaIjPxKap6pITiTFFo",
    "reason_start": "unknown",
    "reason_end": "endplay",
    "shuffle": false,
    "skipped": true,
    "offline": null,
    "offline_timestamp": null,
    "incognito_mode": false
  },
  {
    "ts": "2024-08-20T23:28:12Z",
    "platform": "android",
    "ms_played": 4179,
    "conn_country": "ES",
    "ip_addr": "86.127.230.23",
    "master_metadata_track_name": null,
    "master_metadata_album_artist_name": null,
    "master_metadata_album_album_name": null,
    "spotify_track_uri": null,
    "episode_name": "Jugamos al 'Yo Nunca' con Becky G en la Mansión de Ibiza",
    "episode_show_name": "NUDE PROJECT PODCAST",
    "spotify_episode_uri": "spotify:episode:0kYf6byT1vtgM1f1Yg2b7D",
    "reason_start": "unknown",
    "reason_end": "endplay",
    "shuffle": false,
    "skipped": true,
    "offline": null,
    "offline_timestamp": null,
    "incognito_mode": false
  },
  {
    "ts": "2024-08-23T09:38:53Z",
    "platform": "android",
    "ms_played": 17702,
    "conn_country": "ES",
    "ip_addr": "79.116.117.231",
    "master_metadata_track_name": null,
    "master_metadata_album_artist_name": null,
    "master_metadata_album_album_name": null,
    "spotify_track_uri": null,
    "episode_name": "Jugamos al 'Yo Nunca' con Becky G en la Mansión de Ibiza",
    "episode_show_name": "NUDE PROJECT PODCAST",
    "spotify_episode_uri": "spotify:episode:0kYf6byT1vtgM1f1Yg2b7D",
    "reason_start": "unknown",
    "reason_end": "endplay",
    "shuffle": false,
    "skipped": true,
    "offline": null,
    "offline_timestamp": null,
    "incognito_mode": false
  },
  {
    "ts": "2024-08-23T09:47:23Z",
    "platform": "android",
    "ms_played": 224,
    "conn_country": "ES",
    "ip_addr": "79.116.117.231",
    "master_metadata_track_name": null,
    "master_metadata_album_artist_name": null,
    "master_metadata_album_album_name": null,
    "spotify_track_uri": null,
    "episode_name": "Jugamos al 'Yo Nunca' con Becky G en la Mansión de Ibiza",
    "episode_show_name": "NUDE PROJECT PODCAST",
    "spotify_episode_uri": "spotify:episode:0kYf6byT1vtgM1f1Yg2b7D",
    "reason_start": "unknown",
    "reason_end": "endplay",
    "shuffle": false,
    "skipped": true,
    "offline": null,
    "offline_timestamp": null,
    "incognito_mode": false
  },
  {
    "ts": "2024-09-09T16:36:20Z",
    "platform": "android",
    "ms_played": 0,
    "conn_country": "ES",
    "ip_addr": "86.127.230.56",
    "master_metadata_track_name": null,
    "master_metadata_album_artist_name": null,
    "master_metadata_album_album_name": null,
    "spotify_track_uri": null,
    "episode_name": "Relaja la raja, deja que la vida te penetre.",
    "episode_show_name": "MICRODOSIS DE AMOR PROPIO",
    "spotify_episode_uri": "spotify:episode:6VcH9s1R01wq3PoOOgBMlr",
    "reason_start": "unknown",
    "reason_end": "endplay",
    "shuffle": false,
    "skipped": true,
    "offline": null,
    "offline_timestamp": null,
    "incognito_mode": false
  },
  {
    "ts": "2024-09-11T12:05:28Z",
    "platform": "android",
    "ms_played": 3543,
    "conn_country": "ES",
    "ip_addr": "86.127.230.2",
    "master_metadata_track_name": null,
    "master_metadata_album_artist_name": null,
    "master_metadata_album_album_name": null,
    "spotify_track_uri": null,
    "episode_name": "Relaja la raja, deja que la vida te penetre.",
    "episode_show_name": "MICRODOSIS DE AMOR PROPIO",
    "spotify_episode_uri": "spotify:episode:6VcH9s1R01wq3PoOOgBMlr",
    "reason_start": "unknown",
    "reason_end": "endplay",
    "shuffle": false,
    "skipped": true,
    "offline": null,
    "offline_timestamp": null,
    "incognito_mode": false
  },
  {
    "ts": "2024-09-14T06:13:07Z",
    "platform": "android",
    "ms_played": 559,
    "conn_country": "ES",
    "ip_addr": "86.127.230.2",
    "master_metadata_track_name": "The Way I Loved You (Taylor’s Version)",
    "master_metadata_album_artist_name": "Taylor Swift",
    "master_metadata_album_album_name": "Fearless (Taylor's Version)",
    "spotify_track_uri": "spotify:track:22bPsP2jCgbLUvh82U0Z3M",
    "episode_name": null,
    "episode_show_name": null,
    "spotify_episode_uri": null,
    "reason_start": "unknown",
    "reason_end": "endplay",
    "shuffle": false,
    "skipped": true,
    "offline": null,
    "offline_timestamp": null,
    "incognito_mode": false
  },
  {
    "ts": "2024-09-14T06:13:39Z",
    "platform": "android",
    "ms_played": 435,
    "conn_country": "ES",
    "ip_addr": "86.127.230.2",
    "master_metadata_track_name": "The Way I Loved You (Taylor’s Version)",
    "master_metadata_album_artist_name": "Taylor Swift",
    "master_metadata_album_album_name": "Fearless (Taylor's Version)",
    "spotify_track_uri": "spotify:track:22bPsP2jCgbLUvh82U0Z3M",
    "episode_name": null,
    "episode_show_name": null,
    "spotify_episode_uri": null,
    "reason_start": "unknown",
    "reason_end": "endplay",
    "shuffle": false,
    "skipped": true,
    "offline": null,
    "offline_timestamp": null,
    "incognito_mode": false
  },
  {
    "ts": "2024-09-14T06:13:40Z",
    "platform": "android",
    "ms_played": 1039,
    "conn_country": "ES",
    "ip_addr": "86.127.230.2",
    "master_metadata_track_name": "Piel",
    "master_metadata_album_artist_name": "Tiago PZK",
    "master_metadata_album_album_name": "GOTTI A",
    "spotify_track_uri": "spotify:track:6kPCcIAGoTeRrh8qrmKa90",
    "episode_name": null,
    "episode_show_name": null,
    "spotify_episode_uri": null,
    "reason_start": "unknown",
    "reason_end": "endplay",
    "shuffle": false,
    "skipped": true,
    "offline": null,
    "offline_timestamp": null,
    "incognito_mode": false
  },
  {
    "ts": "2024-09-14T06:13:41Z",
    "platform": "android",
    "ms_played": 0,
    "conn_country": "ES",
    "ip_addr": "86.127.230.2",
    "master_metadata_track_name": "VISTA AL MAR",
    "master_metadata_album_artist_name": "Quevedo",
    "master_metadata_album_album_name": "VISTA AL MAR",
    "spotify_track_uri": "spotify:track:7iwJOi3hlMqZt6pj1sQOBj",
    "episode_name": null,
    "episode_show_name": null,
    "spotify_episode_uri": null,
    "reason_start": "unknown",
    "reason_end": "endplay",
    "shuffle": false,
    "skipped": true,
    "offline": null,
    "offline_timestamp": null,
    "incognito_mode": false
  },
  {
    "ts": "2024-09-14T06:13:43Z",
    "platform": "android",
    "ms_played": 215,
    "conn_country": "ES",
    "ip_addr": "86.127.230.2",
    "master_metadata_track_name": "LUNA",
    "master_metadata_album_artist_name": "Feid",
    "master_metadata_album_album_name": "FERXXOCALIPSIS",
    "spotify_track_uri": "spotify:track:7bywjHOc0wSjGGbj04XbVi",
    "episode_name": null,
    "episode_show_name": null,
    "spotify_episode_uri": null,
    "reason_start": "unknown",
    "reason_end": "endplay",
    "shuffle": false,
    "skipped": true,
    "offline": null,
    "offline_timestamp": null,
    "incognito_mode": false
  },
  {
    "ts": "2024-09-14T06:13:44Z",
    "platform": "android",
    "ms_played": 0,
    "conn_country": "ES",
    "ip_addr": "86.127.230.2",
    "master_metadata_track_name": "OTRA NOCHE",
    "master_metadata_album_artist_name": "Myke Towers",
    "master_metadata_album_album_name": "OTRA NOCHE",
    "spotify_track_uri": "spotify:track:0zpIdU4Q65JlzyueQQnx7Q",
    "episode_name": null,
    "episode_show_name": null,
    "spotify_episode_uri": null,
    "reason_start": "unknown",
    "reason_end": "endplay",
    "shuffle": false,
    "skipped": true,
    "offline": null,
    "offline_timestamp": null,
    "incognito_mode": false
  },
  {
    "ts": "2024-09-14T06:13:48Z",
    "platform": "android",
    "ms_played": 970,
    "conn_country": "ES",
    "ip_addr": "86.127.230.2",
    "master_metadata_track_name": null,
    "master_metadata_album_artist_name": null,
    "master_metadata_album_album_name": null,
    "spotify_track_uri": null,
    "episode_name": "#45- Debate acalorado entre Romuald Fons y José Elías",
    "episode_show_name": "Búscate la vida",
    "spotify_episode_uri": "spotify:episode:5JISm5umnDIFmg74giDsj5",
    "reason_start": "unknown",
    "reason_end": "endplay",
    "shuffle": false,
    "skipped": true,
    "offline": null,
    "offline_timestamp": null,
    "incognito_mode": false
  },
  {
    "ts": "2024-09-14T06:13:49Z",
    "platform": "android",
    "ms_played": 0,
    "conn_country": "ES",
    "ip_addr": "86.127.230.2",
    "master_metadata_track_name": "Grecia",
    "master_metadata_album_artist_name": "JHAYCO",
    "master_metadata_album_album_name": "Grecia",
    "spotify_track_uri": "spotify:track:4QAnf806tToaBuvbiv69X5",
    "episode_name": null,
    "episode_show_name": null,
    "spotify_episode_uri": null,
    "reason_start": "unknown",
    "reason_end": "endplay",
    "shuffle": false,
    "skipped": true,
    "offline": null,
    "offline_timestamp": null,
    "incognito_mode": false
  },
  {
    "ts": "2024-09-14T06:34:11Z",
    "platform": "android",
    "ms_played": 0,
    "conn_country": "ES",
    "ip_addr": "79.116.127.181",
    "master_metadata_track_name": "Whisky",
    "master_metadata_album_artist_name": "Samuel G",
    "master_metadata_album_album_name": "Whisky",
    "spotify_track_uri": "spotify:track:3FuDnj8GeuIDPyFsLOmyck",
    "episode_name": null,
    "episode_show_name": null,
    "spotify_episode_uri": null,
    "reason_start": "unknown",
    "reason_end": "endplay",
    "shuffle": false,
    "skipped": true,
    "offline": null,
    "offline_timestamp": null,
    "incognito_mode": false
  },
  {
    "ts": "2024-09-14T06:34:13Z",
    "platform": "android",
    "ms_played": 0,
    "conn_country": "ES",
    "ip_addr": "79.116.127.181",
    "master_metadata_track_name": "Conquistar El Planeta",
    "master_metadata_album_artist_name": "TIMØ",
    "master_metadata_album_album_name": "Estemos Donde Estemos",
    "spotify_track_uri": "spotify:track:6cOGBvdT0RY3UUtEP7vRHs",
    "episode_name": null,
    "episode_show_name": null,
    "spotify_episode_uri": null,
    "reason_start": "unknown",
    "reason_end": "endplay",
    "shuffle": false,
    "skipped": true,
    "offline": null,
    "offline_timestamp": null,
    "incognito_mode": false
  },
  {
    "ts": "2024-09-14T06:34:15Z",
    "platform": "android",
    "ms_played": 636,
    "conn_country": "ES",
    "ip_addr": "79.116.127.181",
    "master_metadata_track_name": "Goteras",
    "master_metadata_album_artist_name": "Omar Montes",
    "master_metadata_album_album_name": "Goteras",
    "spotify_track_uri": "spotify:track:4sykJxUsqdXZRqRv1J9fEQ",
    "episode_name": null,
    "episode_show_name": null,
    "spotify_episode_uri": null,
    "reason_start": "unknown",
    "reason_end": "endplay",
    "shuffle": false,
    "skipped": true,
    "offline": null,
    "offline_timestamp": null,
    "incognito_mode": false
  },
  {
    "ts": "2024-09-14T06:34:16Z",
    "platform": "android",
    "ms_played": 1129,
    "conn_country": "ES",
    "ip_addr": "79.116.127.181",
    "master_metadata_track_name": "Goteras",
    "master_metadata_album_artist_name": "Omar Montes",
    "master_metadata_album_album_name": "Goteras",
    "spotify_track_uri": "spotify:track:4sykJxUsqdXZRqRv1J9fEQ",
    "episode_name": null,
    "episode_show_name": null,
    "spotify_episode_uri": null,
    "reason_start": "unknown",
    "reason_end": "endplay",
    "shuffle": false,
    "skipped": true,
    "offline": null,
    "offline_timestamp": null,
    "incognito_mode": false
  },
  {
    "ts": "2024-09-14T06:34:18Z",
    "platform": "android",
    "ms_played": 613,
    "conn_country": "ES",
    "ip_addr": "79.116.127.181",
    "master_metadata_track_name": "Piel",
    "master_metadata_album_artist_name": "Tiago PZK",
    "master_metadata_album_album_name": "GOTTI A",
    "spotify_track_uri": "spotify:track:6kPCcIAGoTeRrh8qrmKa90",
    "episode_name": null,
    "episode_show_name": null,
    "spotify_episode_uri": null,
    "reason_start": "unknown",
    "reason_end": "endplay",
    "shuffle": false,
    "skipped": true,
    "offline": null,
    "offline_timestamp": null,
    "incognito_mode": false
  },
  {
    "ts": "2024-09-14T06:34:29Z",
    "platform": "android",
    "ms_played": 2767,
    "conn_country": "ES",
    "ip_addr": "79.116.119.181",
    "master_metadata_track_name": "LUNA",
    "master_metadata_album_artist_name": "Feid",
    "master_metadata_album_album_name": "FERXXOCALIPSIS",
    "spotify_track_uri": "spotify:track:7bywjHOc0wSjGGbj04XbVi",
    "episode_name": null,
    "episode_show_name": null,
    "spotify_episode_uri": null,
    "reason_start": "unknown",
    "reason_end": "endplay",
    "shuffle": false,
    "skipped": true,
    "offline": null,
    "offline_timestamp": null,
    "incognito_mode": false
  },
  {
    "ts": "2024-11-14T13:31:08Z",
    "platform": "android",
    "ms_played": 894,
    "conn_country": "ES",
    "ip_addr": "185.221.9.26",
    "master_metadata_track_name": null,
    "master_metadata_album_artist_name": null,
    "master_metadata_album_album_name": null,
    "spotify_track_uri": null,
    "episode_name": "Aprende a respirar para calmar tu mente y cuerpo",
    "episode_show_name": "Tu amiga psicóloga",
    "spotify_episode_uri": "spotify:episode:3uD567IHzz2I5p2GbYrhKH",
    "reason_start": "unknown",
    "reason_end": "endplay",
    "shuffle": false,
    "skipped": true,
    "offline": null,
    "offline_timestamp": null,
    "incognito_mode": false
  },
  {
    "ts": "2024-11-15T15:08:03Z",
    "platform": "android",
    "ms_played": 2626,
    "conn_country": "ES",
    "ip_addr": "79.116.120.184",
    "master_metadata_track_name": null,
    "master_metadata_album_artist_name": null,
    "master_metadata_album_album_name": null,
    "spotify_track_uri": null,
    "episode_name": "Aprende a respirar para calmar tu mente y cuerpo",
    "episode_show_name": "Tu amiga psicóloga",
    "spotify_episode_uri": "spotify:episode:3uD567IHzz2I5p2GbYrhKH",
    "reason_start": "unknown",
    "reason_end": "endplay",
    "shuffle": false,
    "skipped": true,
    "offline": null,
    "offline_timestamp": null,
    "incognito_mode": false
  },
  {
    "ts": "2024-11-16T09:18:58Z",
    "platform": "android",
    "ms_played": 357,
    "conn_country": "ES",
    "ip_addr": "79.117.103.35",
    "master_metadata_track_name": null,
    "master_metadata_album_artist_name": null,
    "master_metadata_album_album_name": null,
    "spotify_track_uri": null,
    "episode_name": "Aprende a respirar para calmar tu mente y cuerpo",
    "episode_show_name": "Tu amiga psicóloga",
    "spotify_episode_uri": "spotify:episode:3uD567IHzz2I5p2GbYrhKH",
    "reason_start": "unknown",
    "reason_end": "endplay",
    "shuffle": false,
    "skipped": true,
    "offline": null,
    "offline_timestamp": null,
    "incognito_mode": false
  },
  {
    "ts": "2024-11-16T09:19:15Z",
    "platform": "android",
    "ms_played": 676,
    "conn_country": "ES",
    "ip_addr": "79.117.103.35",
    "master_metadata_track_name": null,
    "master_metadata_album_artist_name": null,
    "master_metadata_album_album_name": null,
    "spotify_track_uri": null,
    "episode_name": "Aprende a respirar para calmar tu mente y cuerpo",
    "episode_show_name": "Tu amiga psicóloga",
    "spotify_episode_uri": "spotify:episode:3uD567IHzz2I5p2GbYrhKH",
    "reason_start": "unknown",
    "reason_end": "endplay",
    "shuffle": false,
    "skipped": true,
    "offline": null,
    "offline_timestamp": null,
    "incognito_mode": false
  },
  {
    "ts": "2024-11-16T09:19:41Z",
    "platform": "android",
    "ms_played": 608,
    "conn_country": "ES",
    "ip_addr": "79.117.103.35",
    "master_metadata_track_name": null,
    "master_metadata_album_artist_name": null,
    "master_metadata_album_album_name": null,
    "spotify_track_uri": null,
    "episode_name": "Aprende a respirar para calmar tu mente y cuerpo",
    "episode_show_name": "Tu amiga psicóloga",
    "spotify_episode_uri": "spotify:episode:3uD567IHzz2I5p2GbYrhKH",
    "reason_start": "unknown",
    "reason_end": "endplay",
    "shuffle": false,
    "skipped": true,
    "offline": null,
    "offline_timestamp": null,
    "incognito_mode": false
  },
  {
    "ts": "2024-11-30T10:01:20Z",
    "platform": "android",
    "ms_played": 2366,
    "conn_country": "ES",
    "ip_addr": "79.116.175.177",
    "master_metadata_track_name": "PPCP",
    "master_metadata_album_artist_name": "Feid",
    "master_metadata_album_album_name": "PPCP",
    "spotify_track_uri": "spotify:track:3ydtIafzYQIO7T1VYpuXN4",
    "episode_name": null,
    "episode_show_name": null,
    "spotify_episode_uri": null,
    "reason_start": "switched-to-video",
    "reason_end": "endplay",
    "shuffle": false,
    "skipped": true,
    "offline": false,
    "offline_timestamp": 1732960696,
    "incognito_mode": false
  },
  {
    "ts": "2024-12-01T10:05:22Z",
    "platform": "android",
    "ms_played": 200548,
    "conn_country": "ES",
    "ip_addr": "79.116.175.177",
    "master_metadata_track_name": "PERREITO PA LLORAR",
    "master_metadata_album_artist_name": "Lola Indigo",
    "master_metadata_album_album_name": "PERREITO PA LLORAR",
    "spotify_track_uri": "spotify:track:4xThLGNA5EO5mkCkwp0KVs",
    "episode_name": null,
    "episode_show_name": null,
    "spotify_episode_uri": null,
    "reason_start": "switched-to-video",
    "reason_end": "endplay",
    "shuffle": false,
    "skipped": true,
    "offline": false,
    "offline_timestamp": 1733047173,
    "incognito_mode": false
  },
  {
    "ts": "2024-12-01T10:08:39Z",
    "platform": "android",
    "ms_played": 1763,
    "conn_country": "ES",
    "ip_addr": "79.116.175.177",
    "master_metadata_track_name": null,
    "master_metadata_album_artist_name": null,
    "master_metadata_album_album_name": null,
    "spotify_track_uri": null,
    "episode_name": "EP76: SORAYA NÁREZ | EX-TESTIGO de JEHOVÁ: “Perdí Toda Mi Familia Por Esta Religión” ",
    "episode_show_name": "B3TTER PODCAST",
    "spotify_episode_uri": "spotify:episode:7BPmTtenCppGCxzCxCv4KK",
    "reason_start": "unknown",
    "reason_end": "endplay",
    "shuffle": false,
    "skipped": true,
    "offline": false,
    "offline_timestamp": 1733047717,
    "incognito_mode": false
  },
  {
    "ts": "2024-12-01T18:40:16Z",
    "platform": "android",
    "ms_played": 7261,
    "conn_country": "ES",
    "ip_addr": "79.116.104.5",
    "master_metadata_track_name": null,
    "master_metadata_album_artist_name": null,
    "master_metadata_album_album_name": null,
    "spotify_track_uri": null,
    "episode_name": "EP76: SORAYA NÁREZ | EX-TESTIGO de JEHOVÁ: “Perdí Toda Mi Familia Por Esta Religión” ",
    "episode_show_name": "B3TTER PODCAST",
    "spotify_episode_uri": "spotify:episode:7BPmTtenCppGCxzCxCv4KK",
    "reason_start": "unknown",
    "reason_end": "endplay",
    "shuffle": false,
    "skipped": true,
    "offline": false,
    "offline_timestamp": 1733078408,
    "incognito_mode": false
  },
  {
    "ts": "2024-12-02T10:59:21Z",
    "platform": "android",
    "ms_played": 2823,
    "conn_country": "ES",
    "ip_addr": "79.116.175.177",
    "master_metadata_track_name": null,
    "master_metadata_album_artist_name": null,
    "master_metadata_album_album_name": null,
    "spotify_track_uri": null,
    "episode_name": "EP76: SORAYA NÁREZ | EX-TESTIGO de JEHOVÁ: “Perdí Toda Mi Familia Por Esta Religión” ",
    "episode_show_name": "B3TTER PODCAST",
    "spotify_episode_uri": "spotify:episode:7BPmTtenCppGCxzCxCv4KK",
    "reason_start": "unknown",
    "reason_end": "endplay",
    "shuffle": false,
    "skipped": true,
    "offline": false,
    "offline_timestamp": 1733137158,
    "incognito_mode": false
  }
]